modelYear,make,model
2023,FISKER,OCEAN
2023,ALLIANCE RV,VALOR
2023,FOREST RIVER,FORESTER
2023,FOREST RIVER,WILDWOOD
2023,FOREST RIVER,SUNSEEKER
2023,FOREST RIVER,ROCKWOOD
2023,FOREST RIVER,SALEM
2023,FOREST RIVER,CHEROKEE
2023,FOREST RIVER,CEDAR CREEK
2023,FOREST RIVER,VENGEANCE
2023,FOREST RIVER,ECONOMY HAULER
2023,FOREST RIVER,NO BOUNDARIES
2023,NOVAE,SURE-TRAC
2023,VANDERHALL,CARMEL
2023,TESLA,MODEL 3
2023,TESLA,MODEL 3
2023,TESLA,MODEL Y (All Variants)
2023,TESLA,MODEL S (ALL VARIANTS)
2023,TESLA,MODEL X (ALL VARIANTS)
2023,HAPPIER CAMPER,HAPPIER CAMPER
2023,JAGUAR,F-PACE
2023,MCLAREN,ARTURA
2023,LINCOLN,AVIATOR
2023,LINCOLN,AVIATOR
2023,LINCOLN,CORSAIR
2023,LINCOLN,CORSAIR
2023,LINCOLN,NAUTILUS
2023,LINCOLN,NAUTILUS
2023,LINCOLN,NAVIGATOR
2023,LINCOLN,NAVIGATOR
2023,ZERO,DS
2023,FORD,F-650 SD
2023,FORD,E-450
2023,FORD,BRONCO
2023,FORD,BRONCO SPORT
2023,FORD,EDGE
2023,FORD,EDGE
2023,FORD,ESCAPE
2023,FORD,ESCAPE
2023,FORD,EXPEDITION
2023,FORD,EXPEDITION
2023,FORD,EXPLORER
2023,FORD,EXPLORER
2023,FORD,F-150 (REGULAR CAB) GAS
2023,FORD,F-150 (REGULAR CAB) GAS
2023,FORD,F-150 (SUPER CAB) GAS
2023,FORD,F-150 (SUPER CAB) GAS
2023,FORD,F-150 (SUPER CREW) GAS
2023,FORD,F-150 (SUPER CREW) GAS
2023,FORD,F-150 (SUPER CREW) LIGHTNING BEV
2023,FORD,MAVERICK
2023,FORD,MAVERICK
2023,FORD,MUSTANG COUPE
2023,FORD,MUSTANG CONVERTIBLE
2023,FORD,MUSTANG MACH-E BEV
2023,FORD,MUSTANG MACH-E BEV
2023,FORD,RANGER (SUPER CAB)
2023,FORD,RANGER (SUPER CAB)
2023,FORD,RANGER (SUPER CREW)
2023,FORD,RANGER (SUPER CREW)
2023,FORD,F-250 SD
2023,FORD,F-350 SD
2023,FORD,F-450 SD
2023,FORD,F-53
2023,FORD,TRANSIT 350
2023,FORD,TRANSIT VAN
2023,FORD,TRANSIT VAN
2023,FORD,TRANSIT VAN BEV
2023,FORD,"TRANSIT LOW ROOF (8,10,12) PASS"
2023,FORD,"TRANSIT LOW ROOF (8,10,12) PASS"
2023,FORD,TRANSIT LOW ROOF 15 PASS
2023,FORD,TRANSIT LOW ROOF 15 PASS
2023,FORD,"TRANSIT MEDIUM ROOF (8,10,12) PASS"
2023,FORD,"TRANSIT MEDIUM ROOF (8,10,12) PASS"
2023,FORD,TRANSIT MEDIUM ROOF 15 PASS
2023,FORD,TRANSIT MEDIUM ROOF 15 PASS
2023,FORD,"TRANSIT HIGH ROOF (8,10,12) PASS"
2023,FORD,"TRANSIT HIGH ROOF (8,10,12) PASS"
2023,FORD,TRANSIT HIGH ROOF 15 PASS
2023,FORD,TRANSIT HIGH ROOF 15 PASS
2023,NISSAN,TITAN KING CAB
2023,NISSAN,TITAN CREW CAB
2023,NISSAN,TITAN CREW CAB
2023,NISSAN,LEAF (40 KWH BATTERY)
2023,NISSAN,MURANO
2023,NISSAN,MURANO
2023,NISSAN,ROGUE
2023,NISSAN,ROGUE
2023,NISSAN,ARIYA
2023,NISSAN,ARIYA
2023,NISSAN,ARMADA
2023,NISSAN,ARMADA
2023,NISSAN,Z
2023,NISSAN,VERSA
2023,NISSAN,SENTRA
2023,NISSAN,MAXIMA
2023,NISSAN,PATHFINDER
2023,NISSAN,PATHFINDER
2023,NISSAN,FRONTIER KING CAB
2023,NISSAN,FRONTIER KING CAB
2023,NISSAN,FRONTIER CREW CAB
2023,NISSAN,FRONTIER CREW CAB
2023,NISSAN,TITAN XD CREW CAB
2023,NISSAN,TITAN KING CAB
2023,NISSAN,TITAN XD
2023,NISSAN,ALTIMA
2023,NISSAN,ALTIMA
2023,NISSAN,KICKS
2023,NISSAN,KICKS
2023,BUICK,ENCORE GX
2023,BUICK,ENCORE GX
2023,BUICK,ENVISION
2023,BUICK,ENVISION
2023,BUICK,ENCLAVE
2023,BUICK,ENCLAVE
2023,DYNAMAX,EUROPA
2023,DYNAMAX,ISATA
2023,TRIUMPH,TIGER 900
2023,TRIUMPH,TIGER 1200 GT EXPLORER
2023,TRIUMPH,SPEED TWIN
2023,VOLKSWAGEN,ARTEON
2023,VOLKSWAGEN,GTI
2023,VOLKSWAGEN,ATLAS
2023,VOLKSWAGEN,ATLAS
2023,VOLKSWAGEN,ATLAS CROSS SPORT
2023,VOLKSWAGEN,ATLAS CROSS SPORT
2023,VOLKSWAGEN,GOLF R
2023,VOLKSWAGEN,ID.4
2023,VOLKSWAGEN,ID.4
2023,VOLKSWAGEN,JETTA
2023,VOLKSWAGEN,TAOS
2023,VOLKSWAGEN,TAOS
2023,VOLKSWAGEN,TIGUAN
2023,VOLKSWAGEN,TIGUAN
2023,VOLKSWAGEN,GOLF
2023,GENESIS,G70
2023,GENESIS,G70
2023,GENESIS,GV70
2023,GENESIS,GV80
2023,GENESIS,GV80
2023,GENESIS,G90
2023,GENESIS,G90
2023,GENESIS,GV60
2023,GENESIS,GV60
2023,GENESIS,G80
2023,GENESIS,G80
2023,BENTLEY,CONTINENTAL GT
2023,BENTLEY,CONTINENTAL GT V8
2023,BENTLEY,CONTINENTAL GT V8 CONVERTIBLE
2023,BENTLEY,CONTINENTAL GT CONVERTIBLE
2023,BENTLEY,CONTINENTAL
2023,INFINITI,QX60
2023,INFINITI,QX60
2023,INFINITI,QX55
2023,INFINITI,Q50
2023,INFINITI,Q50
2023,INFINITI,QX80
2023,INFINITI,QX80
2023,INFINITI,QX50
2023,INFINITI,QX50
2023,RAM,1500 QUAD CAB
2023,RAM,1500 QUAD CAB
2023,RAM,1500 CREW CAB
2023,RAM,1500 CREW CAB
2023,RAM,1500 CREW CAB TRX
2023,RAM,2500 REGULAR CAB
2023,RAM,2500 REGULAR CAB
2023,RAM,2500 CREW CAB
2023,RAM,2500 CREW CAB
2023,RAM,2500 MEGA CAB
2023,RAM,3500
2023,RAM,RAM 1500 CLASSIC REGULAR CAB
2023,RAM,RAM 1500 CLASSIC REGULAR CAB
2023,RAM,RAM 1500 CLASSIC QUAD CAB
2023,RAM,RAM 1500 CLASSIC QUAD CAB
2023,RAM,RAM 1500 CLASSIC CREW CAB
2023,RAM,RAM 1500 CLASSIC CREW CAB
2023,RAM,PROMASTER 2500
2023,RAM,PROMASTER 3500
2023,RAM,PROMASTER
2023,STARCRAFT,AUTUMN RIDGE
2023,HYUNDAI,TUCSON
2023,HYUNDAI,TUCSON
2023,HYUNDAI,ELANTRA
2023,HYUNDAI,SONATA
2023,HYUNDAI,PALISADE
2023,HYUNDAI,PALISADE
2023,HYUNDAI,SANTA CRUZ
2023,HYUNDAI,SANTA CRUZ
2023,HYUNDAI,ELANTRA HEV
2023,HYUNDAI,ELANTRA N
2023,HYUNDAI,VENUE
2023,HYUNDAI,KONA
2023,HYUNDAI,KONA
2023,HYUNDAI,KONA ELECTRIC
2023,HYUNDAI,KONA N
2023,HYUNDAI,SANTA FE
2023,HYUNDAI,SANTA FE
2023,HYUNDAI,SANTA FE PHEV
2023,HYUNDAI,IONIQ 6
2023,HYUNDAI,IONIQ 6
2023,HYUNDAI,IONIQ 5
2023,HYUNDAI,IONIQ 5
2023,HYUNDAI,NEXO
2023,BIG TEX,16GN
2023,ALTEC,AERIAL DEVICE
2023,KAWASAKI,ZX-6R
2023,KAWASAKI,KLR650
2023,KAWASAKI,VULCAN 900
2023,KAWASAKI,ZX400
2023,ROYAL ENFIELD,CLASSIC 350
2023,ROYAL ENFIELD,INT 650
2023,ROYAL ENFIELD,CONTINENTAL GT 650
2023,KEYSTONE,FUZION
2023,KEYSTONE,MONTANA
2023,KEYSTONE,COUGAR
2023,HUSQVARNA,NORDEN 901
2023,NORSTAR,TRAILER
2023,POLESTAR,POLESTAR 2
2023,POLESTAR,POLESTAR 2
2023,POLARIS,SLINGSHOT S
2023,POLARIS,SLINGSHOT SL
2023,POLARIS,SLINGSHOT R
2023,PORSCHE,718 BOXSTER
2023,PORSCHE,718 CAYMAN
2023,PORSCHE,718 BOXSTER VALUE EDITION
2023,PORSCHE,718 CAYMAN VALUE EDITION
2023,PORSCHE,911 CARRERA
2023,PORSCHE,911 CARRERA S
2023,PORSCHE,911 SPORT CLASSIC II
2023,PORSCHE,911 DAKAR
2023,PORSCHE,911 CARRERA T
2023,PORSCHE,911 CARRERA S CABRIOLET
2023,PORSCHE,911 CARRERA 4
2023,PORSCHE,911 CARRERA 4S
2023,PORSCHE,911 TURBO
2023,PORSCHE,911 TURBO S
2023,PORSCHE,911 TARGA 4S
2023,PORSCHE,911 TARGA 4 GTS
2023,PORSCHE,911 CARRERA 4 CABRIOLET
2023,PORSCHE,911 CARRERA 4S CABRIOLET
2023,PORSCHE,911 TURBO CABRIOLET
2023,PORSCHE,911 TURBO S CABRIOLET
2023,PORSCHE,MACAN
2023,PORSCHE,CAYENNE
2023,PORSCHE,CAYENNE COUPE
2023,PORSCHE,911 GT3
2023,PORSCHE,911 GT3 RS
2023,PORSCHE,PANAMERA
2023,PORSCHE,TAYCAN
2023,PORSCHE,CAYENNE PLATINUM EDITION
2023,PORSCHE,CAYENNE COUPE PLATINUM EDITION
2023,PORSCHE,911 CARRERA CABRIOLET
2023,PORSCHE,911 TARGA 4
2023,PORSCHE,911 50 YEAR PORSCHE DESIGN EDITION
2023,PORSCHE,PANAMERA PLATINUM EDITION
2023,PORSCHE,911 CARRERA GTS
2023,PORSCHE,911 CARRERA GTS CABRIOLET
2023,PORSCHE,911 CARRERA 4 GTS
2023,PORSCHE,911 CARRERA 4 GTS CABRIOLET
2023,PORSCHE,911 GT3 TOURING PACKAGE
2023,WINNEBAGO,EKKO
2023,WINNEBAGO,VIEW
2023,WINNEBAGO,TRAVATO
2023,WINNEBAGO,NAVION
2023,WINNEBAGO,REVEL
2023,WINNEBAGO,ADVENTURER
2023,NEWMAR,DUTCH STAR
2023,NEWMAR,BAY STAR
2023,TOYOTA,SUPRA
2023,TOYOTA,GR86
2023,TOYOTA,TUNDRA
2023,TOYOTA,TUNDRA
2023,TOYOTA,TUNDRA HYBRID
2023,TOYOTA,TUNDRA HYBRID
2023,TOYOTA,TACOMA
2023,TOYOTA,TACOMA
2023,TOYOTA,TACOMA
2023,TOYOTA,TACOMA
2023,TOYOTA,MIRAI
2023,TOYOTA,BZ4X
2023,TOYOTA,BZ4X
2023,TOYOTA,CAMRY
2023,TOYOTA,CAMRY
2023,TOYOTA,COROLLA
2023,TOYOTA,GR COROLLA
2023,TOYOTA,PRIUS
2023,TOYOTA,PRIUS
2023,TOYOTA,4RUNNER
2023,TOYOTA,4RUNNER
2023,TOYOTA,RAV4
2023,TOYOTA,RAV4
2023,TOYOTA,RAV4 HYBRID
2023,TOYOTA,RAV4 PRIME
2023,TOYOTA,SIENNA HYBRID
2023,TOYOTA,SIENNA HYBRID
2023,TOYOTA,SEQUOIA HYBRID
2023,TOYOTA,SEQUOIA HYBRID
2023,TOYOTA,HIGHLANDER
2023,TOYOTA,HIGHLANDER
2023,TOYOTA,HIGHLANDER HYBRID
2023,TOYOTA,HIGHLANDER HYBRID
2023,TOYOTA,TUNDRA
2023,TOYOTA,SEQUOIA
2023,TOYOTA,SIENNA
2023,TOYOTA,VENZA
2023,TOYOTA,PRIUS PRIME
2023,TOYOTA,COROLLA CROSS HYBRID
2023,TOYOTA,COROLLA CROSS
2023,TOYOTA,COROLLA CROSS
2023,TOYOTA,CROWN
2023,DODGE,CHARGER
2023,DODGE,CHARGER SRT
2023,DODGE,CHARGER PURSUIT
2023,DODGE,CHARGER PURSUIT
2023,DODGE,CHALLENGER (DRIVER)
2023,DODGE,CHALLENGER (FRONT SEAT)
2023,DODGE,CHALLENGER
2023,DODGE,CHALLENGER AWD
2023,DODGE,CHALLENGER SRT (DRIVER)
2023,DODGE,CHALLENGER SRT (FRONT SEAT)
2023,DODGE,CHALLENGER SRT
2023,DODGE,HORNET
2023,DODGE,DURANGO
2023,DODGE,DURANGO
2023,DODGE,DURANGO SRT
2023,DODGE,DURANGO PURSUIT
2023,DODGE,DURANGO
2023,TIFFIN,ALLEGRO
2023,TIFFIN,ALLEGRO BUS
2023,TIFFIN,ALLEGRO BAY
2023,TIFFIN,ALLEGRO OPEN ROAD
2023,PETERBILT,579
2023,ENTEGRA,ACCOLADE
2023,ENTEGRA,REATTA XL
2023,ENTEGRA,EXPANSE
2023,ENTEGRA,ODYSSEY
2023,ENTEGRA,VISION XL
2023,ENTEGRA,ETHOS
2023,RENEGADE,VERONA
2023,OPEN RANGE,25TH
2023,MAZDA,MAZDA3
2023,MAZDA,MAZDA3
2023,MAZDA,MAZDA3
2023,MAZDA,MAZDA3
2023,MAZDA,CX-30
2023,MAZDA,CX-9
2023,MAZDA,MX-5
2023,MAZDA,CX-50
2023,MAZDA,CX-5
2023,FLEETWOOD,BOUNDER
2023,ENERGICA,EVA RIBELLE
2023,HAUL-ABOUT,HAUL-ABOUT
2023,AUDI,S5
2023,AUDI,A5
2023,AUDI,AUDI A3
2023,AUDI,AUDI A3
2023,AUDI,AUDI E-TRON
2023,AUDI,AUDI E-TRON GT
2023,AUDI,AUDI Q4 E-TRON
2023,AUDI,AUDI Q4 E-TRON
2023,AUDI,AUDI SQ5
2023,AUDI,AUDI RS E-TRON GT
2023,AUDI,AUDI Q4 SPORTBACK E-TRON
2023,AUDI,Q5 E
2023,AUDI,AUDI A4
2023,AUDI,AUDI Q3
2023,AUDI,AUDI Q7
2023,AUDI,AUDI Q8
2023,AUDI,A4 ALLROAD
2023,AUDI,AUDI Q5
2023,AUDI,Q5
2023,HONDA,ODYSSEY
2023,HONDA,HR-V
2023,HONDA,HR-V
2023,HONDA,RIDGELINE
2023,HONDA,RIDGELINE
2023,HONDA,CIVIC HATCHBACK
2023,HONDA,CIVIC SEDAN
2023,HONDA,CR-V
2023,HONDA,CR-V
2023,HONDA,PASSPORT
2023,HONDA,PASSPORT
2023,HONDA,GROM125
2023,HONDA,ACCORD HYBRID
2023,HONDA,ACCORD SEDAN
2023,HONDA,PILOT
2023,HONDA,PILOT
2023,HONDA,CIVIC SEDAN SI
2023,HONDA,CMX300
2023,HONDA,CMX1100
2023,HONDA,CMX500
2023,HONDA,MONKEY125
2023,HONDA,GL1800
2023,HONDA,CIVIC HATCHBACK TYPE R
2023,HONDA,CR-V HYBRID
2023,HONDA,CR-V HYBRID
2023,CRITERION,CARGO TRAILER
2023,VINFAST,VF8
2023,LAND ROVER,RANGE ROVER EVOQUE
2023,LAND ROVER,DISCOVERY SPORT
2023,LAND ROVER,DISCOVERY
2023,LAND ROVER,RANGE ROVER VELAR
2023,LAND ROVER,DEFENDER 90
2023,LAND ROVER,DEFENDER 130
2023,LAND ROVER,RANGE ROVER
2023,LAND ROVER,RANGE ROVER LWB
2023,LAND ROVER,RANGE ROVER SPORT
2023,LAND ROVER,DEFENDER 110
2023,KTM,890 ADVENTURE R
2023,KTM,790 ADVENTURE R
2023,GRAND DESIGN,SOLITUDE
2023,GRAND DESIGN,REFLECTION
2023,GRAND DESIGN,MOMENTUM
2023,GRAND DESIGN,IMAGINE
2023,YAMAHA,TW200
2023,YAMAHA,MTN890
2023,AMERICAN COACH,AMERICAN TRADITION
2023,AMERICAN COACH,AMERICAN PATRIOT
2023,THOR MOTOR COACH,TIBURON
2023,THOR MOTOR COACH,GEMINI
2023,THOR MOTOR COACH,VEGAS
2023,THOR MOTOR COACH,OMNI
2023,THOR MOTOR COACH,INCEPTION
2023,THOR MOTOR COACH,COMPASS
2023,THOR MOTOR COACH,SANCTUARY
2023,THOR MOTOR COACH,RIZE
2023,THOR MOTOR COACH,TRANQUILITY
2023,THOR MOTOR COACH,TELLARO
2023,THOR MOTOR COACH,ACE
2023,THOR MOTOR COACH,SCOPE
2023,KAUFMAN TRAILERS,KAUFMAN TRAILER
2023,DUCATI,DESERT X
2023,DUCATI,PANIGALE V4
2023,COACHMEN,FREELANDER
2023,COACHMEN,BEYOND
2023,COACHMEN,MIRADA
2023,JAYCO,EAGLE
2023,JAYCO,JAY FLIGHT
2023,JAYCO,SEISMIC
2023,PJ TRAILERS,LD
2023,JEEP,GLADIATOR
2023,JEEP,GRAND CHEROKEE
2023,JEEP,GRAND CHEROKEE
2023,JEEP,WAGONEER
2023,JEEP,WAGONEER
2023,JEEP,GRAND WAGONEER
2023,JEEP,GRAND WAGONEER
2023,JEEP,WRANGLER
2023,JEEP,GLADIATOR DIESEL
2023,JEEP,CHEROKEE
2023,JEEP,COMPASS
2023,JEEP,RENEGADE
2023,JEEP,WRANGLER 4XE
2023,JEEP,GRAND CHEROKEE 4XE
2023,JEEP,GRAND CHEROKEE L
2023,MASERATI,GRECALE
2023,CFMOTO,700CL-X
2023,CFMOTO,450SS
2023,GENESIS SUPREME,37CRXL
2023,GENESIS SUPREME,VORTEX
2023,PRIME TIME,LACROSSE
2023,HIGHLAND RIDGE,RANGE LITE AIR
2023,CADILLAC,XT5
2023,CADILLAC,XT4
2023,CADILLAC,XT4
2023,CADILLAC,XT6
2023,CADILLAC,XT6
2023,CADILLAC,XT5
2023,CADILLAC,CT5
2023,CADILLAC,CT5
2023,CADILLAC,ESCALADE
2023,CADILLAC,ESCALADE
2023,CADILLAC,ESCALADE ESV
2023,CADILLAC,ESCALADE ESV
2023,CADILLAC,CT5 WITH V6
2023,CADILLAC,CT5 WITH V6
2023,CADILLAC,CT4
2023,CADILLAC,CT4
2023,CADILLAC,LYRIQ
2023,LEXUS,ES 250
2023,LEXUS,ES 350
2023,LEXUS,IS 300
2023,LEXUS,IS 300
2023,LEXUS,IS 350
2023,LEXUS,IS 350
2023,LEXUS,IS 500
2023,LEXUS,RX 350
2023,LEXUS,RX 350
2023,LEXUS,NX 250
2023,LEXUS,NX 250
2023,LEXUS,NX 350
2023,LEXUS,GX 460
2023,LEXUS,LX 600
2023,LEXUS,UX 250H
2023,LEXUS,UX 250H
2023,LEXUS,RZ 450E
2023,LEXUS,RX450H
2023,MERCEDES-BENZ,C-CLASS
2023,MERCEDES-BENZ,C-CLASS COUPE
2023,MERCEDES-BENZ,C-CLASS COUPE
2023,MERCEDES-BENZ,C-CLASS CABRIOLET
2023,MERCEDES-BENZ,C-CLASS CABRIOLET
2023,MERCEDES-BENZ,E-CLASS
2023,MERCEDES-BENZ,E-CLASS
2023,MERCEDES-BENZ,E-CLASS STATION WAGON
2023,MERCEDES-BENZ,E-CLASS COUPE
2023,MERCEDES-BENZ,E-CLASS CABRIOLET
2023,MERCEDES-BENZ,E-CLASS CABRIOLET
2023,MERCEDES-BENZ,CLS-CLASS
2023,MERCEDES-BENZ,S-CLASS
2023,MERCEDES-BENZ,EQS
2023,MERCEDES-BENZ,EQS
2023,MERCEDES-BENZ,EQS
2023,MERCEDES-BENZ,EQS
2023,MERCEDES-BENZ,SL-CLASS
2023,MERCEDES-BENZ,CLA-CLASS
2023,MERCEDES-BENZ,GLA-CLASS
2023,MERCEDES-BENZ,GLB-CLASS
2023,MERCEDES-BENZ,GLB-CLASS
2023,MERCEDES-BENZ,GLC-CLASS
2023,MERCEDES-BENZ,GLC-CLASS
2023,MERCEDES-BENZ,GLC-CLASS COUPE
2023,MERCEDES-BENZ,GLE-CLASS
2023,MERCEDES-BENZ,GLE-CLASS COUPE
2023,MERCEDES-BENZ,G-CLASS
2023,MERCEDES-BENZ,GLS-CLASS
2023,MERCEDES-BENZ,GT CLASS
2023,MERCEDES-BENZ,EQE
2023,MERCEDES-BENZ,EQE
2023,MERCEDES-BENZ,EQE
2023,MERCEDES-BENZ,EQE
2023,MERCEDES-BENZ,EQB
2023,MERCEDES-BENZ,EQB
2023,MERCEDES-BENZ,S-CLASS HYBRID
2023,MERCEDES-BENZ,E-CLASS COUPE
2023,MERCEDES-BENZ,CLA-CLASS
2023,MERCEDES-BENZ,GLE-CLASS
2023,MERCEDES-BENZ,SPRINTER 1500 PASSENGER VAN
2023,MERCEDES-BENZ,SPRINTER 2500 12 PASSENGER VAN
2023,MERCEDES-BENZ,SPRINTER 2500 12 PASSENGER VAN
2023,MERCEDES-BENZ,SPRINTER 2500 15 PASSENGER VAN
2023,MERCEDES-BENZ,SPRINTER 1500 CARGO VAN
2023,MERCEDES-BENZ,SPRINTER 2500 CARGO VAN (LWB)
2023,MERCEDES-BENZ,SPRINTER 2500 CARGO VAN (LWB)
2023,MERCEDES-BENZ,SPRINTER 2500 CARGO VAN (SWB)
2023,MERCEDES-BENZ,SPRINTER 2500 CARGO VAN (SWB)
2023,MERCEDES-BENZ,SPRINTER 3500 CARGO VAN
2023,MERCEDES-BENZ,SPRINTER 2500 CREW VAN (LWB)
2023,MERCEDES-BENZ,SPRINTER 2500 CREW VAN (LWB)
2023,MERCEDES-BENZ,SPRINTER 2500 CREW VAN (SWB)
2023,MERCEDES-BENZ,SPRINTER 2500 CREW VAN (SWB)
2023,MERCEDES-BENZ,SPRINTER 3500 CREW VAN
2023,MERCEDES-BENZ,S 580
2023,MERCEDES-BENZ,C-CLASS
2023,MERCEDES-BENZ,MERCEDES-MAYBACH S-CLASS
2023,MERCEDES-BENZ,EQE SUV 350 4MATIC
2023,CHEVROLET,TRAILBLAZER
2023,CHEVROLET,TRAILBLAZER
2023,CHEVROLET,BOLT EV
2023,CHEVROLET,BOLT EUV
2023,CHEVROLET,CORVETTE
2023,CHEVROLET,CORVETTE
2023,CHEVROLET,TRAVERSE
2023,CHEVROLET,TRAVERSE
2023,CHEVROLET,SILVERADO 5500HD
2023,CHEVROLET,SILVERADO 4500HD
2023,CHEVROLET,BLAZER
2023,CHEVROLET,BLAZER
2023,CHEVROLET,TAHOE
2023,CHEVROLET,TAHOE
2023,CHEVROLET,SUBURBAN
2023,CHEVROLET,SUBURBAN
2023,CHEVROLET,MALIBU
2023,CHEVROLET,EQUINOX
2023,CHEVROLET,EQUINOX
2023,CHEVROLET,EXPRESS CARGO 2500
2023,CHEVROLET,EXPRESS PASSENGER 2500
2023,CHEVROLET,COLORADO
2023,CHEVROLET,COLORADO
2023,CHEVROLET,SILVERADO 2500
2023,CHEVROLET,SILVERADO 2500
2023,CHEVROLET,SILVERADO 2500
2023,CHEVROLET,SILVERADO 1500
2023,CHEVROLET,SILVERADO 1500
2023,CHEVROLET,SILVERADO 1500
2023,CHEVROLET,SILVERADO 1500
2023,CHEVROLET,SILVERADO 2500
2023,CHEVROLET,SILVERADO 2500
2023,CHEVROLET,SILVERADO 2500
2023,CHEVROLET,SILVERADO 1500
2023,CHEVROLET,SILVERADO 1500
2023,CHEVROLET,SILVERADO 3500
2023,CHEVROLET,CAMARO
2023,CHEVROLET,SUBURBAN 1500
2023,BAODIAO,6-LINES
2023,RIVIAN,R1T
2023,RIVIAN,EDV 700
2023,RIVIAN,EDV 500
2023,RIVIAN,R1S
2023,SPARTAN,K3
2023,ALFA ROMEO,GIULIA
2023,ALFA ROMEO,STELVIO
2023,BMW,2 SERIES COUPE
2023,BMW,2 SERIES GRAN COUPE
2023,BMW,2 SERIES GRAN COUPE
2023,BMW,3 SERIES SEDAN
2023,BMW,3 SERIES SEDAN
2023,BMW,3 SERIES HYBRID SEDAN
2023,BMW,3 SERIES HYBRID SEDAN
2023,BMW,4 SERIES COUPE
2023,BMW,4 SERIES COUPE
2023,BMW,4 SERIES GRAN COUPE
2023,BMW,4 SERIES GRAN COUPE
2023,BMW,I4 GRAN COUPE
2023,BMW,I4 GRAN COUPE
2023,BMW,4 SERIES CONVERTIBLE
2023,BMW,4 SERIES CONVERTIBLE
2023,BMW,5 SERIES SEDAN
2023,BMW,5 SERIES SEDAN
2023,BMW,5 SERIES HYBRID SEDAN
2023,BMW,5 SERIES HYBRID SEDAN
2023,BMW,M5 SEDAN
2023,BMW,I7 SEDAN
2023,BMW,7 SERIES SEDAN
2023,BMW,7 SERIES SEDAN
2023,BMW,X1
2023,BMW,X2
2023,BMW,X2
2023,BMW,X3
2023,BMW,X3
2023,BMW,X3 M
2023,BMW,X4
2023,BMW,X4 M
2023,BMW,X5
2023,BMW,X5
2023,BMW,X7
2023,BMW,IX
2023,BMW,CE 04
2023,BMW,K 1600 B
2023,BMW,F 750 GS
2023,BMW,F 850 GS
2023,BMW,R 1250 GS
2023,BMW,R 1250 RT
2023,BMW,S 1000 RR
2023,BMW,2 SERIES COUPE
2023,BMW,XM
2023,MACK,GRANITE (GR)
2023,INTERNATIONAL,LT
2023,PRATT INDUSTRIES,PRATT INDUSTRIES
2023,SUBARU,LEGACY
2023,SUBARU,OUTBACK
2023,SUBARU,IMPREZA
2023,SUBARU,IMPREZA
2023,SUBARU,CROSSTREK
2023,SUBARU,WRX
2023,SUBARU,FORESTER
2023,SUBARU,ASCENT
2023,SUBARU,Solterra
2023,IC BUS,PB105
2023,LAMBORGHINI,URUS
2023,CAN-AM,RYKER
2023,CAN-AM,SPYDER F3
2023,TOMAHAWK,TOMAHAWK
2023,GMC,ACADIA
2023,GMC,ACADIA
2023,GMC,YUKON
2023,GMC,YUKON
2023,GMC,YUKON XL
2023,GMC,YUKON XL
2023,GMC,CANYON
2023,GMC,CANYON
2023,GMC,SIERRA 2500
2023,GMC,SIERRA 2500
2023,GMC,SIERRA 2500
2023,GMC,SIERRA 2500
2023,GMC,SIERRA 2500
2023,GMC,SIERRA 2500
2023,GMC,SIERRA 1500
2023,GMC,SIERRA 1500
2023,GMC,SIERRA 1500
2023,GMC,SIERRA 1500
2023,GMC,SIERRA 1500
2023,GMC,SIERRA 1500
2023,GMC,SIERRA 3500
2023,GMC,TERRAIN
2023,DELCO TRAILERS,DELCO TRAILER
2023,ACURA,MDX
2023,ACURA,MDX
2023,ACURA,RDX
2023,ACURA,RDX
2023,ACURA,TLX
2023,ACURA,TLX
2023,ACURA,INTEGRA
2023,ACURA,TLX TYPE S
2023,LUCID,AIR
2023,HOLIDAY RAMBLER,NAUTICA
2023,MINI,COOPER
2023,MINI,COOPER SE
2023,MINI,COUNTRYMAN
2023,MINI,COUNTRYMAN
2023,BLUE BIRD,BBCV
2023,MARKET DIRECT CAMPERS,MARKET DIRECT CAMPER
2023,HARLEY-DAVIDSON,FXLRS
2023,HARLEY-DAVIDSON,FXBBS
2023,HARLEY-DAVIDSON,FXLRST
2023,HARLEY-DAVIDSON,FXST
2023,HARLEY-DAVIDSON,FLFBS
2023,HARLEY-DAVIDSON,FLHTK
2023,HARLEY-DAVIDSON,RA1250
2023,HARLEY-DAVIDSON,FLHTCUTG
2023,HARLEY-DAVIDSON,FLTRXS
2023,HARLEY-DAVIDSON,RH1250S
2023,HARLEY-DAVIDSON,FLHXSE
2023,KIA,SPORTAGE
2023,KIA,CARNIVAL
2023,KIA,SELTOS
2023,KIA,SPORTAGE
2023,KIA,SELTOS
2023,KIA,STINGER
2023,KIA,STINGER
2023,KIA,SOUL
2023,KIA,FORTE
2023,KIA,K5
2023,KIA,SORENTO
2023,KIA,SORENTO HEV
2023,KIA,SORENTO HEV
2023,KIA,TELLURIDE
2023,KIA,TELLURIDE
2023,KIA,RIO
2023,KIA,RIO
2023,KIA,NIRO
2023,KIA,EV6
2023,KIA,EV6
2023,KIA,SORENTO
2023,KIA,SPORTAGE HEV
2023,KIA,SPORTAGE HEV
2023,KIA,SPORTAGE PHEV
2023,KIA,SPORTAGE PHEV
2023,KIA,NIRO EV
2023,KENWORTH,T280
2023,KENWORTH,T680
2023,AIRSTREAM,INTERNATIONAL
2023,AIRSTREAM,ATLAS
2023,AIRSTREAM,BAMBI
2023,JUST TRAILERS,JUST TRAILERS
2023,SUZUKI,DR-Z400SM
2023,SUZUKI,VZR1800
2023,SUZUKI,V-STROM 800
2023,SUZUKI,HAYABUSA
2023,BATTLE MOTORS,LET2
2023,CHRYSLER,300
2023,CHRYSLER,300
2023,CHRYSLER,PACIFICA
2023,CHRYSLER,PACIFICA AWD
2023,CHRYSLER,PACIFICA HYBRID
2023,INDIAN,SCOUT
2023,INDIAN,CHALLENGER DARK HORSE
2023,INDIAN,PURSUIT DARK HORSE
2023,INDIAN,PURSUIT LIMITED
2023,INDIAN,SCOUT BOBBER
2023,INDIAN,SPORT CHIEF
2023,FREIGHTLINER,CASCADIA
2023,FREIGHTLINER,BUSINESS CLASS M2
2023,FREIGHTLINER,114SD
2023,VOLVO,C40 RECHARGE TWIN
2023,VOLVO,S60 B5
2023,VOLVO,S60 B5
2023,VOLVO,S60 RECHARGE T8 PHEV
2023,VOLVO,S60 POLESTAR ENGINEERED T8 PHEV
2023,VOLVO,V90 CROSS COUNTRY B6
2023,VOLVO,XC40 B5
2023,VOLVO,XC40 B4
2023,VOLVO,XC40 RECHARGE TWIN
2023,VOLVO,XC60 B5
2023,VOLVO,XC60 B5
2023,VOLVO,XC60 B6
2023,VOLVO,XC60 RECHARGE T8 PHEV
2023,VOLVO,XC60 POLESTAR ENGINEERED T8
2023,VOLVO,XC90 B5
2023,VOLVO,XC90 B6
2023,VOLVO,XC90 RECHARGE T8 PHEV
2023,VOLVO,V60 CROSS COUNTRY B5
2023,VOLVO,VNL
2023,VOLVO,VNR
2023,PIAGGIO,MP3 530
2023,HEARTLAND,BIGHORN
2023,MITSUBISHI,ECLIPSE CROSS
2023,MITSUBISHI,ECLIPSE CROSS
2023,MITSUBISHI,OUTLANDER SPORT
2023,MITSUBISHI,OUTLANDER SPORT
2023,MITSUBISHI,OUTLANDER
2023,MITSUBISHI,OUTLANDER
2023,MITSUBISHI,MIRAGE G4
2024,ALLIANCE RV,DELTA
2024,FOREST RIVER,SANDPIPER
2024,FOREST RIVER,CHEROKEE WOLF PUP
2024,FOREST RIVER,FORESTER
2024,FOREST RIVER,GEORGETOWN
2024,FOREST RIVER,STEALTH
2024,FOREST RIVER,ROCKWOOD
2024,FOREST RIVER,SALEM
2024,INEOS,GRENADIER
2024,TESLA,MODEL 3
2024,TESLA,MODEL 3
2024,TESLA,MODEL Y (All Variants)
2024,TESLA,MODEL S (ALL VARIANTS)
2024,TESLA,MODEL X (ALL VARIANTS)
2024,TESLA,CYBERTRUCK
2024,TESLA,SEMI
2024,JAGUAR,E-PACE
2024,LINCOLN,AVIATOR
2024,LINCOLN,AVIATOR
2024,LINCOLN,CORSAIR
2024,LINCOLN,CORSAIR
2024,LINCOLN,NAUTILUS
2024,LINCOLN,NAVIGATOR
2024,LINCOLN,NAVIGATOR
2024,STARLITE TRAILERS,STARLITE TRAILER
2024,FORD,BRONCO SPORT
2024,FORD,EDGE
2024,FORD,EDGE
2024,FORD,ESCAPE
2024,FORD,EXPEDITION
2024,FORD,EXPEDITION
2024,FORD,EXPLORER
2024,FORD,EXPLORER
2024,FORD,F-150 (REGULAR CAB) GAS
2024,FORD,F-150 (REGULAR CAB) GAS
2024,FORD,F-150 (SUPER CAB) GAS
2024,FORD,F-150 (SUPER CAB) GAS
2024,FORD,F-150 (SUPER CREW) GAS
2024,FORD,F-150 (SUPER CREW) GAS
2024,FORD,F-150 (SUPER CREW) LIGHTNING BEV
2024,FORD,MAVERICK
2024,FORD,MAVERICK
2024,FORD,MUSTANG
2024,FORD,MUSTANG
2024,FORD,MUSTANG MACH-E BEV
2024,FORD,MUSTANG MACH-E BEV
2024,FORD,RANGER (SUPER CREW)
2024,FORD,RANGER (SUPER CREW)
2024,FORD,TRANSIT VAN
2024,FORD,TRANSIT VAN
2024,FORD,TRANSIT VAN BEV
2024,FORD,"TRANSIT LOW ROOF (8,10,12) PASS"
2024,FORD,"TRANSIT LOW ROOF (8,10,12) PASS"
2024,FORD,TRANSIT LOW ROOF 15 PASS
2024,FORD,TRANSIT LOW ROOF 15 PASS
2024,FORD,"TRANSIT MEDIUM ROOF (8,10,12) PASS"
2024,FORD,"TRANSIT MEDIUM ROOF (8,10,12) PASS"
2024,FORD,TRANSIT MEDIUM ROOF 15 PASS
2024,FORD,TRANSIT MEDIUM ROOF 15 PASS
2024,FORD,"TRANSIT HIGH ROOF (8,10,12) PASS"
2024,FORD,"TRANSIT HIGH ROOF (8,10,12) PASS"
2024,FORD,TRANSIT HIGH ROOF 15 PASS
2024,FORD,TRANSIT HIGH ROOF 15 PASS
2024,FORD,E-450
2024,FORD,E-350
2024,FORD,F-450 SD
2024,FORD,F-350 SD
2024,FORD,F-250 SD
2024,FORD,ESCAPE
2024,FORD,F-53
2024,FORD,F-550 SD
2024,FORD,BRONCO
2024,FORD,BRONCO
2024,NISSAN,SENTRA
2024,NISSAN,ALTIMA
2024,NISSAN,ALTIMA
2024,NISSAN,PATHFINDER
2024,NISSAN,PATHFINDER
2024,NISSAN,FRONTIER KING CAB
2024,NISSAN,FRONTIER KING CAB
2024,NISSAN,FRONTIER CREW CAB
2024,NISSAN,FRONTIER CREW CAB
2024,NISSAN,TITAN KING CAB
2024,NISSAN,TITAN KING CAB
2024,NISSAN,TITAN CREW CAB
2024,NISSAN,TITAN CREW CAB
2024,NISSAN,LEAF (40 kWH BATTERY)
2024,NISSAN,LEAF PLUS (60 kWH BATTERY)
2024,NISSAN,MURANO
2024,NISSAN,MURANO
2024,NISSAN,ROGUE
2024,NISSAN,ROGUE
2024,NISSAN,KICKS
2024,NISSAN,ARIYA
2024,NISSAN,ARIYA
2024,NISSAN,ARMADA
2024,NISSAN,ARMADA
2024,NISSAN,VERSA
2024,BUICK,ENCORE GX
2024,BUICK,ENCORE GX
2024,BUICK,ENVISION
2024,BUICK,ENVISTA
2024,BUICK,ENCLAVE
2024,BUICK,ENCLAVE
2024,TRIUMPH,TIGER 850 SPORT
2024,TRIUMPH,SPEED 400
2024,TRIUMPH,SCRAMBLER 400 X
2024,TRIUMPH,TIGER 900 RALLY PRO
2024,VOLKSWAGEN,ATLAS
2024,VOLKSWAGEN,ATLAS
2024,VOLKSWAGEN,ATLAS CROSS SPORT
2024,VOLKSWAGEN,ATLAS CROSS SPORT
2024,VOLKSWAGEN,GOLF GTI
2024,VOLKSWAGEN,GOLF R
2024,VOLKSWAGEN,ID.4
2024,VOLKSWAGEN,ID.4
2024,VOLKSWAGEN,JETTA
2024,VOLKSWAGEN,TAOS
2024,VOLKSWAGEN,TAOS
2024,VOLKSWAGEN,TIGUAN
2024,VOLKSWAGEN,TIGUAN
2024,GENESIS,G80
2024,GENESIS,ELECTRIFIED G80
2024,GENESIS,GV60
2024,GENESIS,GV60
2024,GENESIS,GV70
2024,GENESIS,ELECTRIFIED GV70
2024,GENESIS,GV80
2024,GENESIS,GV80
2024,GENESIS,G80
2024,INFINITI,QX60
2024,INFINITI,QX60
2024,RAM,4500
2024,RAM,3500
2024,RAM,RAM 1500 QUAD CAB
2024,RAM,RAM 1500 QUAD CAB
2024,RAM,RAM 1500 CREW CAB
2024,RAM,RAM 1500 CREW CAB
2024,RAM,RAM 1500 CREW CAB TRX
2024,RAM,RAM 2500 REGULAR CAB
2024,RAM,RAM 2500 REGULAR CAB
2024,RAM,RAM 2500 CREW CAB
2024,RAM,RAM 2500 CREW CAB
2024,RAM,RAM 2500 MEGA CAB
2024,RAM,PROMASTER 3500
2024,HYUNDAI,TUCSON
2024,HYUNDAI,TUCSON
2024,HYUNDAI,KONA
2024,HYUNDAI,KONA
2024,HYUNDAI,KONA ELECTRIC
2024,HYUNDAI,SANTA FE
2024,HYUNDAI,SANTA FE
2024,HYUNDAI,ELANTRA
2024,HYUNDAI,IONIQ 5
2024,HYUNDAI,IONIQ 5
2024,HYUNDAI,IONIQ 6
2024,HYUNDAI,IONIQ 6
2024,HYUNDAI,SONATA
2024,HYUNDAI,PALISADE
2024,HYUNDAI,PALISADE
2024,HYUNDAI,SANTA CRUZ
2024,HYUNDAI,SANTA CRUZ
2024,HYUNDAI,VENUE
2024,HYUNDAI,SANTA CRUZ
2024,HYUNDAI,SANTA CRUZ
2024,MERCEDES-MAYBACH,S-CLASS
2024,MINT TINY HOUSE,PARK USA
2024,KAWASAKI,ELIMINATOR EL450
2024,KARAVAN,BOAT TRAILER
2024,ISUZU,FTR
2024,HUSQVARNA,701 ENDURO
2024,POLESTAR,POLESTAR 2
2024,POLESTAR,POLESTAR 2
2024,NIKOLA,TRE FCEV
2024,PORSCHE,911 50 YEARS PORSCHE DESIGN EDITION
2024,PORSCHE,CAYENNE
2024,PORSCHE,MACAN
2024,PORSCHE,PANAMERA
2024,PORSCHE,TAYCAN
2024,WINNEBAGO,VITA
2024,WINNEBAGO,VIEW
2024,WINNEBAGO,TRAVATO
2024,WINNEBAGO,REVEL
2024,WINNEBAGO,EKKO
2024,WINNEBAGO,MICRO MINNIE
2024,TOYOTA,VENZA
2024,TOYOTA,CROWN
2024,TOYOTA,PRIUS
2024,TOYOTA,RAV4
2024,TOYOTA,TUNDRA
2024,TOYOTA,CAMRY
2024,TOYOTA,CAMRY
2024,TOYOTA,COROLLA
2024,TOYOTA,COROLLA HYBRID
2024,TOYOTA,COROLLA HYBRID
2024,TOYOTA,GR COROLLA
2024,TOYOTA,COROLLA CROSS
2024,TOYOTA,COROLLA CROSS
2024,TOYOTA,COROLLA CROSS HYBRID
2024,TOYOTA,PRIUS
2024,TOYOTA,PRIUS PRIME
2024,TOYOTA,4RUNNER
2024,TOYOTA,4RUNNER
2024,TOYOTA,RAV4
2024,TOYOTA,RAV4 PRIME
2024,TOYOTA,SEQUOIA HYBRID
2024,TOYOTA,SEQUOIA HYBRID
2024,TOYOTA,HIGHLANDER
2024,TOYOTA,HIGHLANDER
2024,TOYOTA,TUNDRA
2024,TOYOTA,TUNDRA
2024,TOYOTA,TUNDRA
2024,TOYOTA,TUNDRA HYBRID
2024,TOYOTA,TUNDRA HYBRID
2024,TOYOTA,BZ4X
2024,TOYOTA,BZ4X
2024,TOYOTA,SIENNA
2024,TOYOTA,SEQUOIA
2024,TOYOTA,TACOMA
2024,TOYOTA,TACOMA
2024,TOYOTA,TACOMA
2024,TOYOTA,TACOMA
2024,TOYOTA,GRAND HIGHLANDER
2024,TOYOTA,GRAND HIGHLANDER
2024,TOYOTA,GRAND HIGHLANDER HYBRID
2024,TOYOTA,GRAND HIGHLANDER HYBRID
2024,TOYOTA,LAND CRUISER
2024,DODGE,HORNET
2024,DODGE,HORNET R/T EAWD
2024,TIFFIN,ALLEGRO RED
2024,TIFFIN,ALLEGRO BAY
2024,TIFFIN,ALLEGRO
2024,TIFFIN,ALLEGRO OPEN ROAD
2024,PETERBILT,579
2024,PETERBILT,567
2024,ENTEGRA,ETHOS
2024,ENTEGRA,ACCOLADE
2024,EAST TO WEST,ENTRADA
2024,EAST TO WEST,ALTA
2024,BRINKLEY RV,MODEL G
2024,MAZDA,MAZDA3
2024,MAZDA,MAZDA3
2024,MAZDA,MAZDA3
2024,MAZDA,MAZDA3
2024,MAZDA,CX-30
2024,MAZDA,CX-5
2024,MAZDA,CX-50
2024,MAZDA,CX-90-PHEV
2024,MAZDA,CX-90-MHEV
2024,MAZDA,CX-50
2024,AUDI,S3
2024,AUDI,A4
2024,AUDI,A4 ALLROAD
2024,AUDI,A5 COUPE
2024,AUDI,Q3
2024,AUDI,Q4 E-TRON
2024,AUDI,Q4 E-TRON
2024,AUDI,Q5
2024,AUDI,SQ5
2024,AUDI,Q5 PHEV
2024,AUDI,Q8
2024,AUDI,Q4 SPORTBACK E-TRON
2024,HONDA,HR-V
2024,HONDA,HR-V
2024,HONDA,CIVIC HATCHBACK
2024,HONDA,CIVIC SEDAN
2024,HONDA,CIVIC SEDAN SI
2024,HONDA,CR-V
2024,HONDA,CR-V
2024,HONDA,CR-V HYBRID
2024,HONDA,CR-V HYBRID
2024,HONDA,ODYSSEY
2024,HONDA,PILOT
2024,HONDA,PILOT
2024,HONDA,CT125
2024,HONDA,ACCORD HYBRID
2024,HONDA,ACCORD SEDAN
2024,HONDA,CIVIC HATCHBACK TYPE R
2024,HONDA,PASSPORT
2024,HONDA,PASSPORT
2024,HONDA,GL1800
2024,HONDA,PROLOGUE
2024,HONDA,RIDGELINE
2024,HONDA,RIDGELINE
2024,HONDA,NX500
2024,BINTELLI,BEYOND
2024,VINFAST,VF8
2024,LAND ROVER,DISCOVERY
2024,LAND ROVER,RANGE ROVER VELAR
2024,LAND ROVER,DEFENDER 90
2024,LAND ROVER,DEFENDER 110
2024,LAND ROVER,DEFENDER 130
2024,LAND ROVER,RANGE ROVER
2024,LAND ROVER,RANGE ROVER LWB
2024,LAND ROVER,RANGE ROVER SPORT
2024,KTM,1290 SUPER DUKE R EVO
2024,TRITON TRAILER,TRAILER
2024,GRAND DESIGN,MOMENTUM
2024,GRAND DESIGN,SOLITUDE
2024,GRAND DESIGN,REFLECTION
2024,GRAND DESIGN,IMAGINE
2024,YAMAHA,YZF690
2024,THOR MOTOR COACH,INDIGO
2024,THOR MOTOR COACH,HURRICANE
2024,THOR MOTOR COACH,FREEDOM ELITE
2024,THOR MOTOR COACH,CHATEAU
2024,INTERSTATE WEST,INTERSTATE WEST
2024,COACHMEN,FREELANDER
2024,JAYCO,SEISMIC
2024,JAYCO,EAGLE
2024,PJ TRAILERS,LD
2024,JEEP,WRANGLER 2-DOOR
2024,JEEP,WRANGLER 4-DOOR
2024,JEEP,WRANGLER 4-DOOR 392
2024,JEEP,COMPASS
2024,JEEP,GRAND CHEROKEE L
2024,JEEP,GRAND CHEROKEE
2024,JEEP,GRAND CHEROKEE
2024,JEEP,WAGONEER
2024,JEEP,WAGONEER
2024,JEEP,GRAND CHEROKEE 4XE
2024,JEEP,GRAND CHEROKEE L
2024,CFMOTO,450SS
2024,CADILLAC,CT4
2024,CADILLAC,CT4
2024,CADILLAC,ESCALADE
2024,CADILLAC,ESCALADE
2024,CADILLAC,ESCALADE ESV
2024,CADILLAC,ESCALADE ESV
2024,CADILLAC,XT5
2024,CADILLAC,XT5
2024,CADILLAC,XT4
2024,CADILLAC,XT4
2024,CADILLAC,XT6
2024,CADILLAC,XT6
2024,CADILLAC,LYRIQ
2024,CADILLAC,LYRIQ
2024,LEXUS,NX HYBRID
2024,LEXUS,RX 350
2024,LEXUS,NX 250
2024,LEXUS,RZ 450E
2024,LEXUS,LC 500
2024,LEXUS,ES 350
2024,LEXUS,IS 300
2024,LEXUS,IS 300
2024,LEXUS,IS 350
2024,LEXUS,IS 350
2024,LEXUS,IS 500
2024,LEXUS,RX 350
2024,LEXUS,NX 250
2024,LEXUS,NX 350
2024,LEXUS,NX 350H
2024,LEXUS,NX 450H+
2024,LEXUS,UX 250H
2024,LEXUS,UX 250H
2024,LEXUS,LC 500 CONVERTIBLE
2024,LEXUS,RZ 300E
2024,LEXUS,TX 350
2024,LEXUS,TX 350
2024,LEXUS,TX 500H
2024,LEXUS,TX 500H
2024,LEXUS,TX 550H+
2024,LEXUS,RX 350H
2024,LEXUS,RX 500H
2024,LEXUS,GX!
2024,MERCEDES-BENZ,SPRINTER 1500
2024,MERCEDES-BENZ,EQE SUV
2024,MERCEDES-BENZ,EQE SUV
2024,MERCEDES-BENZ,GLS
2024,MERCEDES-BENZ,EQS SUV
2024,MERCEDES-BENZ,EQS SUV
2024,MERCEDES-BENZ,GLC COUPE
2024,MERCEDES-BENZ,C-CLASS
2024,MERCEDES-BENZ,C-CLASS
2024,MERCEDES-BENZ,CLE
2024,MERCEDES-BENZ,CLE CABRIOLET
2024,MERCEDES-BENZ,EQE
2024,MERCEDES-BENZ,EQE
2024,MERCEDES-BENZ,S-CLASS
2024,MERCEDES-BENZ,S-CLASS
2024,MERCEDES-BENZ,S-CLASS PHEV
2024,MERCEDES-BENZ,EQS
2024,MERCEDES-BENZ,EQS
2024,MERCEDES-BENZ,CLA
2024,MERCEDES-BENZ,CLA
2024,MERCEDES-BENZ,GLA
2024,MERCEDES-BENZ,GLA
2024,MERCEDES-BENZ,GLB
2024,MERCEDES-BENZ,GLB
2024,MERCEDES-BENZ,GLC
2024,MERCEDES-BENZ,GLC
2024,MERCEDES-BENZ,GLE
2024,MERCEDES-BENZ,GLE
2024,MERCEDES-BENZ,GLE COUPE
2024,MERCEDES-BENZ,GLE PHEV
2024,MERCEDES-BENZ,SPRINTER 2500 12 PASSENGER VAN
2024,MERCEDES-BENZ,SPRINTER 2500 12 PASSENGER VAN
2024,MERCEDES-BENZ,SPRINTER 2500 CARGO VAN (LWB)
2024,MERCEDES-BENZ,SPRINTER 2500 CARGO VAN (LWB)
2024,MERCEDES-BENZ,SPRINTER 2500 CARGO VAN (SWB)
2024,MERCEDES-BENZ,SPRINTER 2500 CARGO VAN
2024,MERCEDES-BENZ,SPRINTER 3500XD CARGO VAN
2024,MERCEDES-BENZ,SPRINTER 2500 CREW VAN (LWB)
2024,MERCEDES-BENZ,SPRINTER 2500 CREW VAN (SWB)
2024,MERCEDES-BENZ,SPRINTER 2500 CREW VAN (SWB)
2024,MERCEDES-BENZ,SPRINTER 3500 CREW VAN
2024,MERCEDES-BENZ,SPRINTER 3500XD CREW VAN
2024,MERCEDES-BENZ,SPRINTER 3500XD CREW VAN
2024,MERCEDES-BENZ,SPRINTER 2500 15 PASSENGER VAN
2024,MERCEDES-BENZ,SPRINTER 3500XD CARGO VAN
2024,MERCEDES-BENZ,SPRINTER 2500 PASSENGER VAN
2024,MERCEDES-BENZ,SPRINTER 2500 PASSENGER VAN
2024,MERCEDES-BENZ,SPRINTER 2500 CARGO VAN (SWB)
2024,MERCEDES-BENZ,SPRINTER 2500 CREW VAN (LWB)
2024,MERCEDES-BENZ,E-CLASS
2024,MERCEDES-BENZ,E-CLASS
2024,CHEVROLET,SILVERADO 3500
2024,CHEVROLET,CAMARO WITH RECARO
2024,CHEVROLET,CAMARO WITHOUT RECARO
2024,CHEVROLET,CAMARO LT1 WITH RECARO
2024,CHEVROLET,MALIBU
2024,CHEVROLET,CAMARO WITH RECARO
2024,CHEVROLET,CAMARO WITHOUT RECARO
2024,CHEVROLET,CAMARO LT1 WITH RECARO
2024,CHEVROLET,CAMARO LT1 WITHOUT RECARO
2024,CHEVROLET,CAMARO SS WITH RECARO
2024,CHEVROLET,CAMARO SS WITHOUT RECARO
2024,CHEVROLET,CAMARO ZL1 WITH RECARO
2024,CHEVROLET,SILVERADO EV
2024,CHEVROLET,EQUINOX EV
2024,CHEVROLET,EQUINOX EV
2024,CHEVROLET,BLAZER EV
2024,CHEVROLET,BLAZER EV
2024,CHEVROLET,CAMARO LT1 WITHOUT RECARO
2024,CHEVROLET,CAMARO SS WITH RECARO
2024,CHEVROLET,CAMARO SS WITHOUT RECARO
2024,CHEVROLET,CAMARO ZL1 WITH RECARO
2024,CHEVROLET,CORVETTE
2024,CHEVROLET,CORVETTE
2024,CHEVROLET,TRAILBLAZER
2024,CHEVROLET,TRAX
2024,CHEVROLET,TRAVERSE
2024,CHEVROLET,TRAVERSE
2024,CHEVROLET,BLAZER
2024,CHEVROLET,BLAZER
2024,CHEVROLET,SUBURBAN
2024,CHEVROLET,SUBURBAN
2024,CHEVROLET,COLORADO
2024,CHEVROLET,COLORADO
2024,CHEVROLET,SILVERADO 2500
2024,CHEVROLET,SILVERADO 2500
2024,CHEVROLET,SILVERADO 2500
2024,CHEVROLET,SILVERADO 2500
2024,CHEVROLET,SILVERADO 2500
2024,CHEVROLET,SILVERADO 2500
2024,CHEVROLET,SILVERADO 1500
2024,CHEVROLET,SILVERADO 1500
2024,CHEVROLET,SILVERADO 1500
2024,CHEVROLET,SILVERADO 1500
2024,CHEVROLET,SILVERADO 1500
2024,CHEVROLET,SILVERADO 1500
2024,CHEVROLET,TRAILBLAZER
2024,CHEVROLET,EQUINOX
2024,CHEVROLET,EQUINOX
2024,CHEVROLET,TAHOE
2024,CHEVROLET,TAHOE
2024,RIVIAN,R1T
2024,RIVIAN,R1S
2024,SPARTAN,K3
2024,ALFA ROMEO,STELVIO
2024,ALFA ROMEO,TONALE
2024,ALFA ROMEO,GIULIA
2024,BMW,2 SERIES COUPE
2024,BMW,2 SERIES COUPE
2024,BMW,2 SERIES GRAN COUPE
2024,BMW,2 SERIES GRAN COUPE
2024,BMW,M2 COUPE
2024,BMW,3 SERIES SEDAN
2024,BMW,3 SERIES SEDAN
2024,BMW,3 SERIES HYBRID SEDAN
2024,BMW,3 SERIES HYBRID SEDAN
2024,BMW,M4 COUPE
2024,BMW,M4 COUPE
2024,BMW,I4 GRAN COUPE
2024,BMW,I4 GRAN COUPE
2024,BMW,M4 CONVERTIBLE
2024,BMW,M4 CONVERTIBLE
2024,BMW,7 SERIES SEDAN
2024,BMW,7 SERIES SEDAN
2024,BMW,X1
2024,BMW,X3
2024,BMW,X3
2024,BMW,X5
2024,BMW,X5
2024,BMW,X6
2024,BMW,X7
2024,BMW,IX
2024,BMW,XM
2024,BMW,X7
2024,BMW,530I
2024,BMW,I5
2024,BMW,X2
2024,BMW,540I
2024,BMW,I7 SEDAN
2024,BMW,I7 SEDAN
2024,BMW,S 1000 RR US
2024,INTERNATIONAL,LT
2024,SUBARU,OUTBACK
2024,SUBARU,LEGACY
2024,SUBARU,IMPREZA
2024,SUBARU,CROSSTREK
2024,SUBARU,CROSSTREK WILDERNESS
2024,SUBARU,WRX
2024,SUBARU,FORESTER
2024,SUBARU,FORESTER WILDERNESS
2024,SUBARU,ASCENT
2024,SUBARU,Solterra
2024,SUBARU,OUTBACK
2024,SUBARU,BRZ
2024,SUBARU,OUTBACK WILDERNESS
2024,IC BUS,PB105
2024,LIVEWIRE,S2 DEL MAR
2024,HAULMARK,STACKER
2024,GMC,SIERRA 3500
2024,GMC,3500HD
2024,GMC,HUMMER EV
2024,GMC,TERRAIN
2024,GMC,TERRAIN
2024,GMC,ACADIA
2024,GMC,ACADIA
2024,GMC,YUKON XL
2024,GMC,YUKON XL
2024,GMC,CANYON
2024,GMC,CANYON
2024,GMC,SIERRA 2500
2024,GMC,SIERRA 2500
2024,GMC,SIERRA 2500
2024,GMC,SIERRA 2500
2024,GMC,SIERRA 2500
2024,GMC,SIERRA 2500
2024,GMC,SIERRA 1500
2024,GMC,SIERRA 1500
2024,GMC,SIERRA 1500
2024,GMC,SIERRA 1500
2024,GMC,SIERRA 1500
2024,GMC,SIERRA 1500
2024,GMC,HUMMER EV
2024,GMC,SIERRA EV
2024,GMC,YUKON
2024,GMC,YUKON
2024,GMC,SIERRA 2500 HD
2024,DELCO TRAILERS,BUMPER HORSE
2024,ACURA,INTEGRA
2024,ACURA,MDX
2024,ACURA,MDX
2024,ACURA,RDX
2024,ACURA,RDX
2024,ACURA,TLX
2024,ACURA,TLX
2024,ACURA,ZDX
2024,ACURA,ZDX
2024,LUCID,AIR
2024,LUCID,AIR
2024,HOLIDAY RAMBLER,INVICTA
2024,MINI,COOPER
2024,MINI,COUNTRYMAN
2024,MINI,COUNTRYMAN
2024,HARLEY-DAVIDSON,FLHCS
2024,HARLEY-DAVIDSON,FLTRXSE
2024,HARLEY-DAVIDSON,FLHX
2024,HARLEY-DAVIDSON,FLTRX
2024,HARLEY-DAVIDSON,FLTRT
2024,HARLEY-DAVIDSON,FLTRXSTSE
2024,KIA,TELLURIDE
2024,KIA,SORENTO
2024,KIA,FORTE
2024,KIA,K5
2024,KIA,SOUL
2024,KIA,SELTOS
2024,KIA,SELTOS
2024,KIA,NIRO
2024,KIA,NIRO EV
2024,KIA,EV6
2024,KIA,EV6
2024,KIA,SPORTAGE
2024,KIA,SPORTAGE
2024,KIA,SORENTO
2024,KIA,CARNIVAL
2024,KIA,TELLURIDE
2024,KIA,EV9
2024,KIA,EV9
2024,KIA,K5
2024,KENWORTH,T680
2024,SUZUKI,DL800
2024,BATTLE MOTORS,LET2
2024,CHRYSLER,PACIFICA
2024,CHRYSLER,PACIFICA AWD
2024,CHRYSLER,PACIFICA HYBRID
2024,FREIGHTLINER,CASCADIA
2024,VOLVO,XC40 B5
2024,VOLVO,XC40 RECHARGE
2024,VOLVO,XC40 RECHARGE
2024,VOLVO,XC60 B5
2024,VOLVO,XC60 RECHARGE
2024,VOLVO,XC90 B5
2024,VOLVO,XC90 B6
2024,VOLVO,XC90 RECHARGE
2024,VOLVO,S60 B5
2024,VOLVO,S60 B5
2024,VOLVO,S60 RECHARGE
2024,VOLVO,V60 RECHARGE POLESTAR ENGINEERED
2024,VOLVO,V90 CROSS COUNTRY B6
2024,VOLVO,VN
2024,PIAGGIO,MP3 530
2024,LOTUS,EMIRA
2024,MITSUBISHI,MIRAGE
2024,MITSUBISHI,MIRAGE G4
2024,MITSUBISHI,ECLIPSE CROSS
2024,MITSUBISHI,ECLIPSE CROSS
2024,MITSUBISHI,OUTLANDER
2024,MITSUBISHI,OUTLANDER
2025,TESLA,MODEL 3
2025,TESLA,MODEL Y
2025,LINCOLN,NAUTILUS
2025,FORD,EXPLORER
2025,FORD,EXPLORER
2025,FORD,MAVERICK EARLY RELEASE
2025,FORD,MAVERICK EARLY RELEASE
2025,FORD,MAVERICK HEV EARLY RELEASE
2025,FORD,MAVERICK LATER RELEASE
2025,FORD,MAVERICK LATER RELEASE
2025,FORD,MAVERICK HEV LATER RELEASE
2025,FORD,MAVERICK HEV LATER RELEASE
2025,NISSAN,LEAF
2025,NISSAN,SENTRA
2025,NISSAN,ROGUE
2025,NISSAN,KICKS
2025,BUICK,ENVISTA
2025,BUICK,ENCLAVE
2025,BUICK,ENCLAVE
2025,VOLKSWAGEN,ATLAS
2025,VOLKSWAGEN,ATLAS
2025,GENESIS,G70
2025,GENESIS,G70
2025,GENESIS,GV70
2025,GENESIS,ELECTRIFIED GV70
2025,GENESIS,GV80
2025,GENESIS,GV80
2025,GENESIS,GV80 COUPE
2025,GENESIS,GV80 COUPE
2025,INFINITI,QX80
2025,INFINITI,QX60
2025,RAM,RAM 1500 QUAD CAB
2025,RAM,RAM 1500 QUAD CAB
2025,RAM,RAM 1500 CREW CAB
2025,RAM,RAM 1500 CREW CAB
2025,HYUNDAI,PALISADE
2025,HYUNDAI,PALISADE
2025,HYUNDAI,TUCSON
2025,HYUNDAI,TUCSON
2025,HYUNDAI,KONA
2025,HYUNDAI,KONA
2025,HYUNDAI,IONIQ 5
2025,HYUNDAI,IONIQ 5
2025,HYUNDAI,SANTA CRUZ
2025,HYUNDAI,SONATA
2025,HYUNDAI,IONIQ 6
2025,HYUNDAI,SANTA FE HYBRID
2025,HYUNDAI,SANTA FE
2025,POLESTAR,POLESTAR 3
2025,WINNEBAGO,EKKO
2025,TOYOTA,SUPRA
2025,TOYOTA,CAMRY
2025,TOYOTA,CROWN SIGNIA
2025,TOYOTA,CAMRY HYBRID
2025,TOYOTA,CAMRY HYBRID
2025,TOYOTA,COROLLA
2025,TOYOTA,COROLLA CROSS
2025,TOYOTA,COROLLA CROSS
2025,TOYOTA,SIENNA HYBRID
2025,TOYOTA,SIENNA HYBRID
2025,TOYOTA,TUNDRA
2025,TOYOTA,TUNDRA
2025,TOYOTA,TUNDRA
2025,TOYOTA,TUNDRA
2025,TOYOTA,SIENNA
2025,ENTEGRA,ASPIRE
2025,MAZDA,CX-5
2025,MAZDA,CX-50
2025,MAZDA,CX-90
2025,MAZDA,CX-70
2025,AUDI,Q7
2025,HONDA,PILOT
2025,HONDA,PILOT
2025,HONDA,CIVIC SEDAN
2025,HONDA,CR-V
2025,HONDA,CR-V
2025,HONDA,CR-V HYBRID
2025,HONDA,CR-V HYBRID
2025,HONDA,HR-V
2025,HONDA,HR-V
2025,HONDA,PASSPORT
2025,HONDA,PASSPORT
2025,HONDA,RIDGELINE
2025,HONDA,RIDGELINE
2025,HONDA,ACCORD
2025,LAND ROVER,LAND ROVER DISCOVERY SPORT
2025,JEEP,COMPASS
2025,CADILLAC,ESCALADE
2025,CADILLAC,ESCALADE
2025,CADILLAC,CT5
2025,CADILLAC,CT5
2025,LEXUS,UX
2025,LEXUS,NX 250
2025,LEXUS,NX 250
2025,LEXUS,NX 350
2025,MERCEDES-BENZ,AMG GLA 35
2025,MERCEDES-BENZ,GLE 450E 4MATIC
2025,MERCEDES-BENZ,GLE 350 4MATIC
2025,MERCEDES-BENZ,GLC 350E 4MATIC
2025,MERCEDES-BENZ,GLC 300E
2025,CHEVROLET,SILVERADO 2500
2025,CHEVROLET,SILVERADO 2500
2025,CHEVROLET,SILVERADO 2500
2025,CHEVROLET,SILVERADO 2500
2025,CHEVROLET,SILVERADO 2500
2025,CHEVROLET,SILVERADO 1500
2025,CHEVROLET,SILVERADO 1500
2025,CHEVROLET,SILVERADO 1500
2025,CHEVROLET,SILVERADO 1500
2025,CHEVROLET,SILVERADO 1500
2025,CHEVROLET,SILVERADO 1500
2025,CHEVROLET,SILVERADO EV
2025,CHEVROLET,EQUINOX EV
2025,CHEVROLET,EQUINOX EV
2025,CHEVROLET,BLAZER EV
2025,CHEVROLET,BLAZER EV
2025,CHEVROLET,BLAZER EV
2025,CHEVROLET,SILVERADO 2500
2025,CHEVROLET,TRAILBLAZER
2025,CHEVROLET,TRAILBLAZER
2025,CHEVROLET,TRAX
2025,CHEVROLET,EQUINOX
2025,CHEVROLET,EQUINOX
2025,CHEVROLET,TRAVERSE
2025,CHEVROLET,TRAVERSE
2025,CHEVROLET,SILVERADO 3500
2025,RIVIAN,R1S
2025,BMW,I5
2025,BMW,X7
2025,BMW,X1
2025,BMW,X5
2025,BMW,X5
2025,BMW,IX
2025,BMW,430I XDRIVE
2025,BMW,M3
2025,BMW,X3
2025,MACK,MD
2025,SUBARU,OUTBACK
2025,SUBARU,OUTBACK WILDERNESS
2025,SUBARU,FORESTER
2025,SUBARU,CROSSTREK
2025,GMC,SIERRA 1500
2025,GMC,SIERRA 1500
2025,GMC,SIERRA 1500
2025,GMC,SIERRA 1500
2025,GMC,SIERRA 1500
2025,GMC,SIERRA 1500
2025,GMC,SIERRA EV
2025,GMC,SIERRA 3500
2025,GMC,SIERRA 2500
2025,ACURA,MDX
2025,ACURA,MDX
2025,LUCID,AIR
2025,MINI,COUNTRYMAN
2025,MINI,COOPER S
2025,MINI,COUNTRYMAN S ALL4
2025,KIA,SELTOS
2025,KIA,SELTOS
2025,KIA,K5
2025,KIA,K5
2025,KIA,SORENTO
2025,KIA,SORENTO
2025,KIA,TELLURIDE
2025,KIA,TELLURIDE
2025,KIA,EV9
2025,KIA,CARNIVAL
2025,KENWORTH,T380
2025,NATIONCRAFT,CARGO TRAILER
2025,INDIAN,SCOUT
2025,KIA MOTOR,SPORTAGE HYBRID
2025,VOLVO,XC60 B5
2025,VOLVO,XC90 B5
2025,VOLVO,XC90 B6
2025,VOLVO,EX90
